pano_id,id,h_offset,lat,lon
25mQGDMk7io--N3UBY1iZw,0,0,34.0183801,-118.2890007
25mQGDMk7io--N3UBY1iZw,1,90,34.0183801,-118.2890007
25mQGDMk7io--N3UBY1iZw,2,180,34.0183801,-118.2890007
25mQGDMk7io--N3UBY1iZw,3,270,34.0183801,-118.2890007
S1_keQbQDZMTUhBFmB6nog,4,0,34.018494313,-118.288945269
S1_keQbQDZMTUhBFmB6nog,5,90,34.018494313,-118.288945269
S1_keQbQDZMTUhBFmB6nog,6,180,34.018494313,-118.288945269
S1_keQbQDZMTUhBFmB6nog,7,270,34.018494313,-118.288945269
DmBMH9NTGFyuPzpz6KJb4w,8,0,34.0189236,-118.2886639
DmBMH9NTGFyuPzpz6KJb4w,9,90,34.0189236,-118.2886639
DmBMH9NTGFyuPzpz6KJb4w,10,180,34.0189236,-118.2886639
DmBMH9NTGFyuPzpz6KJb4w,11,270,34.0189236,-118.2886639
Y5rVNrL-nkIJa1iVLRAETg,12,0,34.0191766041,-118.289375144
Y5rVNrL-nkIJa1iVLRAETg,13,90,34.0191766041,-118.289375144
Y5rVNrL-nkIJa1iVLRAETg,14,180,34.0191766041,-118.289375144
Y5rVNrL-nkIJa1iVLRAETg,15,270,34.0191766041,-118.289375144
8rMSmEIUIO9ZI8DASnOJSw,16,0,34.0193938,-118.2898718
8rMSmEIUIO9ZI8DASnOJSw,17,90,34.0193938,-118.2898718
8rMSmEIUIO9ZI8DASnOJSw,18,180,34.0193938,-118.2898718
8rMSmEIUIO9ZI8DASnOJSw,19,270,34.0193938,-118.2898718
D_LBCSNL7X_5E7-GxP4-Ew,20,0,34.0195072665,-118.290111258
D_LBCSNL7X_5E7-GxP4-Ew,21,90,34.0195072665,-118.290111258
D_LBCSNL7X_5E7-GxP4-Ew,22,180,34.0195072665,-118.290111258
D_LBCSNL7X_5E7-GxP4-Ew,23,270,34.0195072665,-118.290111258
jScUJov8h96ORdZVA5FVJg,24,0,34.0196788127,-118.290498002
jScUJov8h96ORdZVA5FVJg,25,90,34.0196788127,-118.290498002
jScUJov8h96ORdZVA5FVJg,26,180,34.0196788127,-118.290498002
jScUJov8h96ORdZVA5FVJg,27,270,34.0196788127,-118.290498002
or7lzWwvMhAzylF0c2nHog,28,0,34.019761,-118.2907023
or7lzWwvMhAzylF0c2nHog,29,90,34.019761,-118.2907023
or7lzWwvMhAzylF0c2nHog,30,180,34.019761,-118.2907023
or7lzWwvMhAzylF0c2nHog,31,270,34.019761,-118.2907023
WHA_eyR8_qo4qjZqCt0m5g,32,0,34.0198717,-118.290982
WHA_eyR8_qo4qjZqCt0m5g,33,90,34.0198717,-118.290982
WHA_eyR8_qo4qjZqCt0m5g,34,180,34.0198717,-118.290982
WHA_eyR8_qo4qjZqCt0m5g,35,270,34.0198717,-118.290982
vrPWBX36fC5Qg7s8-Wj-uw,36,0,34.0199907,-118.2912489
vrPWBX36fC5Qg7s8-Wj-uw,37,90,34.0199907,-118.2912489
vrPWBX36fC5Qg7s8-Wj-uw,38,180,34.0199907,-118.2912489
vrPWBX36fC5Qg7s8-Wj-uw,39,270,34.0199907,-118.2912489
WHA_eyR8_qo4qjZqCt0m5g,40,0,34.0198717,-118.290982
WHA_eyR8_qo4qjZqCt0m5g,41,90,34.0198717,-118.290982
WHA_eyR8_qo4qjZqCt0m5g,42,180,34.0198717,-118.290982
WHA_eyR8_qo4qjZqCt0m5g,43,270,34.0198717,-118.290982
or7lzWwvMhAzylF0c2nHog,44,0,34.019761,-118.2907023
or7lzWwvMhAzylF0c2nHog,45,90,34.019761,-118.2907023
or7lzWwvMhAzylF0c2nHog,46,180,34.019761,-118.2907023
or7lzWwvMhAzylF0c2nHog,47,270,34.019761,-118.2907023
jScUJov8h96ORdZVA5FVJg,48,0,34.0196788127,-118.290498002
jScUJov8h96ORdZVA5FVJg,49,90,34.0196788127,-118.290498002
jScUJov8h96ORdZVA5FVJg,50,180,34.0196788127,-118.290498002
jScUJov8h96ORdZVA5FVJg,51,270,34.0196788127,-118.290498002
xIaZInR_hsgKK481RAxDKw,52,0,34.0208191978,-118.291491779
xIaZInR_hsgKK481RAxDKw,53,90,34.0208191978,-118.291491779
xIaZInR_hsgKK481RAxDKw,54,180,34.0208191978,-118.291491779
xIaZInR_hsgKK481RAxDKw,55,270,34.0208191978,-118.291491779
i3VFsipuOevu_dAlez5dhQ,56,0,34.020445,-118.2900491
i3VFsipuOevu_dAlez5dhQ,57,90,34.020445,-118.2900491
i3VFsipuOevu_dAlez5dhQ,58,180,34.020445,-118.2900491
i3VFsipuOevu_dAlez5dhQ,59,270,34.020445,-118.2900491
N8nP3neXamJuPEssrrqYmA,60,0,34.020377845,-118.290091566
N8nP3neXamJuPEssrrqYmA,61,90,34.020377845,-118.290091566
N8nP3neXamJuPEssrrqYmA,62,180,34.020377845,-118.290091566
N8nP3neXamJuPEssrrqYmA,63,270,34.020377845,-118.290091566
CAoSLEFGMVFpcE5wQVJUb1hqMnhRVG5zYnVpcDZfaTJxZ3E2WjBNSDdPUW9OLUdZ,64,0,34.021201,-118.2895685
CAoSLEFGMVFpcE5wQVJUb1hqMnhRVG5zYnVpcDZfaTJxZ3E2WjBNSDdPUW9OLUdZ,65,90,34.021201,-118.2895685
CAoSLEFGMVFpcE5wQVJUb1hqMnhRVG5zYnVpcDZfaTJxZ3E2WjBNSDdPUW9OLUdZ,66,180,34.021201,-118.2895685
CAoSLEFGMVFpcE5wQVJUb1hqMnhRVG5zYnVpcDZfaTJxZ3E2WjBNSDdPUW9OLUdZ,67,270,34.021201,-118.2895685
xubA_hrs2YLDUsX7EGlgEw,68,0,34.0209036,-118.2889013
xubA_hrs2YLDUsX7EGlgEw,69,90,34.0209036,-118.2889013
xubA_hrs2YLDUsX7EGlgEw,70,180,34.0209036,-118.2889013
xubA_hrs2YLDUsX7EGlgEw,71,270,34.0209036,-118.2889013
yOg9jJbM-khGtNE6CGmPmw,72,0,34.02077,-118.2885995
yOg9jJbM-khGtNE6CGmPmw,73,90,34.02077,-118.2885995
yOg9jJbM-khGtNE6CGmPmw,74,180,34.02077,-118.2885995
yOg9jJbM-khGtNE6CGmPmw,75,270,34.02077,-118.2885995
wfJ_3rXIAc4oDDp_Q1kfHA,76,0,34.0207236299,-118.28849407
wfJ_3rXIAc4oDDp_Q1kfHA,77,90,34.0207236299,-118.28849407
wfJ_3rXIAc4oDDp_Q1kfHA,78,180,34.0207236299,-118.28849407
wfJ_3rXIAc4oDDp_Q1kfHA,79,270,34.0207236299,-118.28849407
n1k91Q7WNnsXKtQUSQ_3RA,80,0,34.0206674,-118.2883563
n1k91Q7WNnsXKtQUSQ_3RA,81,90,34.0206674,-118.2883563
n1k91Q7WNnsXKtQUSQ_3RA,82,180,34.0206674,-118.2883563
n1k91Q7WNnsXKtQUSQ_3RA,83,270,34.0206674,-118.2883563
LtR6aE_PcwmEy2jz4lP8kQ,84,0,34.0206602423,-118.288338176
LtR6aE_PcwmEy2jz4lP8kQ,85,90,34.0206602423,-118.288338176
LtR6aE_PcwmEy2jz4lP8kQ,86,180,34.0206602423,-118.288338176
LtR6aE_PcwmEy2jz4lP8kQ,87,270,34.0206602423,-118.288338176
4bAiYDWcWQAWdFRlwLvcyg,88,0,34.0205468188,-118.288065632
4bAiYDWcWQAWdFRlwLvcyg,89,90,34.0205468188,-118.288065632
4bAiYDWcWQAWdFRlwLvcyg,90,180,34.0205468188,-118.288065632
4bAiYDWcWQAWdFRlwLvcyg,91,270,34.0205468188,-118.288065632
4_i_bM1XSBIAhRJvM73EVQ,92,0,34.0203979584,-118.287727233
4_i_bM1XSBIAhRJvM73EVQ,93,90,34.0203979584,-118.287727233
4_i_bM1XSBIAhRJvM73EVQ,94,180,34.0203979584,-118.287727233
4_i_bM1XSBIAhRJvM73EVQ,95,270,34.0203979584,-118.287727233
iZ16LYEX92RUeRSD3nzh6w,96,0,34.0203384451,-118.287611123
iZ16LYEX92RUeRSD3nzh6w,97,90,34.0203384451,-118.287611123
iZ16LYEX92RUeRSD3nzh6w,98,180,34.0203384451,-118.287611123
iZ16LYEX92RUeRSD3nzh6w,99,270,34.0203384451,-118.287611123
DDe3GPspvu7lnvJkxORs7Q,100,0,34.0202972,-118.2875271
DDe3GPspvu7lnvJkxORs7Q,101,90,34.0202972,-118.2875271
DDe3GPspvu7lnvJkxORs7Q,102,180,34.0202972,-118.2875271
DDe3GPspvu7lnvJkxORs7Q,103,270,34.0202972,-118.2875271
VgsLm9gyiopN3hYGWHndSA,104,0,34.0201674,-118.2872267
VgsLm9gyiopN3hYGWHndSA,105,90,34.0201674,-118.2872267
VgsLm9gyiopN3hYGWHndSA,106,180,34.0201674,-118.2872267
VgsLm9gyiopN3hYGWHndSA,107,270,34.0201674,-118.2872267
2X5iHS6bDSZphM8BLJnYhw,108,0,34.0200011,-118.2868419
2X5iHS6bDSZphM8BLJnYhw,109,90,34.0200011,-118.2868419
2X5iHS6bDSZphM8BLJnYhw,110,180,34.0200011,-118.2868419
2X5iHS6bDSZphM8BLJnYhw,111,270,34.0200011,-118.2868419
Lm8U2BhS_w1rAmLvPgp73g,112,0,34.0203399462,-118.286617048
Lm8U2BhS_w1rAmLvPgp73g,113,90,34.0203399462,-118.286617048
Lm8U2BhS_w1rAmLvPgp73g,114,180,34.0203399462,-118.286617048
Lm8U2BhS_w1rAmLvPgp73g,115,270,34.0203399462,-118.286617048
HIzjVAiyXmoWrbj0uOm2vA,116,0,34.0201981014,-118.286711158
HIzjVAiyXmoWrbj0uOm2vA,117,90,34.0201981014,-118.286711158
HIzjVAiyXmoWrbj0uOm2vA,118,180,34.0201981014,-118.286711158
HIzjVAiyXmoWrbj0uOm2vA,119,270,34.0201981014,-118.286711158
2X5iHS6bDSZphM8BLJnYhw,120,0,34.0200011,-118.2868419
2X5iHS6bDSZphM8BLJnYhw,121,90,34.0200011,-118.2868419
2X5iHS6bDSZphM8BLJnYhw,122,180,34.0200011,-118.2868419
2X5iHS6bDSZphM8BLJnYhw,123,270,34.0200011,-118.2868419
DmBMH9NTGFyuPzpz6KJb4w,124,0,34.0189236,-118.2886639
DmBMH9NTGFyuPzpz6KJb4w,125,90,34.0189236,-118.2886639
DmBMH9NTGFyuPzpz6KJb4w,126,180,34.0189236,-118.2886639
DmBMH9NTGFyuPzpz6KJb4w,127,270,34.0189236,-118.2886639
5qIrHHntdpWPxIkotK1Hdg,128,0,34.0191991702,-118.288480386
5qIrHHntdpWPxIkotK1Hdg,129,90,34.0191991702,-118.288480386
5qIrHHntdpWPxIkotK1Hdg,130,180,34.0191991702,-118.288480386
5qIrHHntdpWPxIkotK1Hdg,131,270,34.0191991702,-118.288480386
OEK-9liU63TqQ5tRscQPWA,132,0,34.0196344,-118.2882156
OEK-9liU63TqQ5tRscQPWA,133,90,34.0196344,-118.2882156
OEK-9liU63TqQ5tRscQPWA,134,180,34.0196344,-118.2882156
OEK-9liU63TqQ5tRscQPWA,135,270,34.0196344,-118.2882156
KTdu0S08hAT7H_YNOJWW7Q,136,0,34.020022,-118.2879597
KTdu0S08hAT7H_YNOJWW7Q,137,90,34.020022,-118.2879597
KTdu0S08hAT7H_YNOJWW7Q,138,180,34.020022,-118.2879597
KTdu0S08hAT7H_YNOJWW7Q,139,270,34.020022,-118.2879597
4_i_bM1XSBIAhRJvM73EVQ,140,0,34.0203979584,-118.287727233
4_i_bM1XSBIAhRJvM73EVQ,141,90,34.0203979584,-118.287727233
4_i_bM1XSBIAhRJvM73EVQ,142,180,34.0203979584,-118.287727233
4_i_bM1XSBIAhRJvM73EVQ,143,270,34.0203979584,-118.287727233
xJy_QmDbxTB-GWvaJv5JXA,144,0,34.0220393659,-118.291439204
xJy_QmDbxTB-GWvaJv5JXA,145,90,34.0220393659,-118.291439204
xJy_QmDbxTB-GWvaJv5JXA,146,180,34.0220393659,-118.291439204
xJy_QmDbxTB-GWvaJv5JXA,147,270,34.0220393659,-118.291439204
a81wkkFHDT7wR_3EvuGfMQ,148,0,34.0219536307,-118.291221531
a81wkkFHDT7wR_3EvuGfMQ,149,90,34.0219536307,-118.291221531
a81wkkFHDT7wR_3EvuGfMQ,150,180,34.0219536307,-118.291221531
a81wkkFHDT7wR_3EvuGfMQ,151,270,34.0219536307,-118.291221531
jkEFlp6a_1DJbJk8Ys_aJg,152,0,34.0219181,-118.2911345
jkEFlp6a_1DJbJk8Ys_aJg,153,90,34.0219181,-118.2911345
jkEFlp6a_1DJbJk8Ys_aJg,154,180,34.0219181,-118.2911345
jkEFlp6a_1DJbJk8Ys_aJg,155,270,34.0219181,-118.2911345
R1jbe6C6u3yMTTHCA4rJqw,156,0,34.0218064261,-118.290899065
R1jbe6C6u3yMTTHCA4rJqw,157,90,34.0218064261,-118.290899065
R1jbe6C6u3yMTTHCA4rJqw,158,180,34.0218064261,-118.290899065
R1jbe6C6u3yMTTHCA4rJqw,159,270,34.0218064261,-118.290899065
QswqmLlUxPgo4_AMrJrI4w,160,0,34.0220516,-118.2907321
QswqmLlUxPgo4_AMrJrI4w,161,90,34.0220516,-118.2907321
QswqmLlUxPgo4_AMrJrI4w,162,180,34.0220516,-118.2907321
QswqmLlUxPgo4_AMrJrI4w,163,270,34.0220516,-118.2907321
vw0Y69vQh7XguqoShR6MBQ,164,0,34.0221482,-118.2907372
vw0Y69vQh7XguqoShR6MBQ,165,90,34.0221482,-118.2907372
vw0Y69vQh7XguqoShR6MBQ,166,180,34.0221482,-118.2907372
vw0Y69vQh7XguqoShR6MBQ,167,270,34.0221482,-118.2907372
oTJDT7e-hWjY-ohUL42kGg,168,0,34.0222092,-118.2907218
oTJDT7e-hWjY-ohUL42kGg,169,90,34.0222092,-118.2907218
oTJDT7e-hWjY-ohUL42kGg,170,180,34.0222092,-118.2907218
oTJDT7e-hWjY-ohUL42kGg,171,270,34.0222092,-118.2907218
DinHd3Wj0wuW0wFga1rRtA,172,0,34.0222481344,-118.290704793
DinHd3Wj0wuW0wFga1rRtA,173,90,34.0222481344,-118.290704793
DinHd3Wj0wuW0wFga1rRtA,174,180,34.0222481344,-118.290704793
DinHd3Wj0wuW0wFga1rRtA,175,270,34.0222481344,-118.290704793
oxSUVzP1QFgAHD3dSktUqA,176,0,34.0224147,-118.2906229
oxSUVzP1QFgAHD3dSktUqA,177,90,34.0224147,-118.2906229
oxSUVzP1QFgAHD3dSktUqA,178,180,34.0224147,-118.2906229
oxSUVzP1QFgAHD3dSktUqA,179,270,34.0224147,-118.2906229
ps2QXM9nz7GLuI3_-pkkZw,180,0,34.0226044694,-118.290531926
ps2QXM9nz7GLuI3_-pkkZw,181,90,34.0226044694,-118.290531926
ps2QXM9nz7GLuI3_-pkkZw,182,180,34.0226044694,-118.290531926
ps2QXM9nz7GLuI3_-pkkZw,183,270,34.0226044694,-118.290531926
xtw5k-KD9EZa3m1TyRtkJA,184,0,34.0226391,-118.2904717
xtw5k-KD9EZa3m1TyRtkJA,185,90,34.0226391,-118.2904717
xtw5k-KD9EZa3m1TyRtkJA,186,180,34.0226391,-118.2904717
xtw5k-KD9EZa3m1TyRtkJA,187,270,34.0226391,-118.2904717
wRDN1KXuU9FWouJrb4PUlw,188,0,34.0223885319,-118.289873734
wRDN1KXuU9FWouJrb4PUlw,189,90,34.0223885319,-118.289873734
wRDN1KXuU9FWouJrb4PUlw,190,180,34.0223885319,-118.289873734
wRDN1KXuU9FWouJrb4PUlw,191,270,34.0223885319,-118.289873734
Ay75XeZucN6kCcs2_giFIQ,192,0,34.0223714198,-118.289835557
Ay75XeZucN6kCcs2_giFIQ,193,90,34.0223714198,-118.289835557
Ay75XeZucN6kCcs2_giFIQ,194,180,34.0223714198,-118.289835557
Ay75XeZucN6kCcs2_giFIQ,195,270,34.0223714198,-118.289835557
wRDN1KXuU9FWouJrb4PUlw,196,0,34.0223885319,-118.289873734
wRDN1KXuU9FWouJrb4PUlw,197,90,34.0223885319,-118.289873734
wRDN1KXuU9FWouJrb4PUlw,198,180,34.0223885319,-118.289873734
wRDN1KXuU9FWouJrb4PUlw,199,270,34.0223885319,-118.289873734
xtw5k-KD9EZa3m1TyRtkJA,200,0,34.0226391,-118.2904717
xtw5k-KD9EZa3m1TyRtkJA,201,90,34.0226391,-118.2904717
xtw5k-KD9EZa3m1TyRtkJA,202,180,34.0226391,-118.2904717
xtw5k-KD9EZa3m1TyRtkJA,203,270,34.0226391,-118.2904717
ps2QXM9nz7GLuI3_-pkkZw,204,0,34.0226044694,-118.290531926
ps2QXM9nz7GLuI3_-pkkZw,205,90,34.0226044694,-118.290531926
ps2QXM9nz7GLuI3_-pkkZw,206,180,34.0226044694,-118.290531926
ps2QXM9nz7GLuI3_-pkkZw,207,270,34.0226044694,-118.290531926
q9IathHyg61teYL6CrjXag,208,0,34.0216558,-118.2901858
q9IathHyg61teYL6CrjXag,209,90,34.0216558,-118.2901858
q9IathHyg61teYL6CrjXag,210,180,34.0216558,-118.2901858
q9IathHyg61teYL6CrjXag,211,270,34.0216558,-118.2901858
Ts2t4_V9vuqPRW3CBIoaNQ,212,0,34.021733073,-118.290445966
Ts2t4_V9vuqPRW3CBIoaNQ,213,90,34.021733073,-118.290445966
Ts2t4_V9vuqPRW3CBIoaNQ,214,180,34.021733073,-118.290445966
Ts2t4_V9vuqPRW3CBIoaNQ,215,270,34.021733073,-118.290445966
Rr1fhBaHyW4TFpiOxDxo0Q,216,0,34.0219504,-118.2906183
Rr1fhBaHyW4TFpiOxDxo0Q,217,90,34.0219504,-118.2906183
Rr1fhBaHyW4TFpiOxDxo0Q,218,180,34.0219504,-118.2906183
Rr1fhBaHyW4TFpiOxDxo0Q,219,270,34.0219504,-118.2906183
QswqmLlUxPgo4_AMrJrI4w,220,0,34.0220516,-118.2907321
QswqmLlUxPgo4_AMrJrI4w,221,90,34.0220516,-118.2907321
QswqmLlUxPgo4_AMrJrI4w,222,180,34.0220516,-118.2907321
QswqmLlUxPgo4_AMrJrI4w,223,270,34.0220516,-118.2907321
r9yU2EJY2CG6wKhUog9qoA,224,0,34.0224231739,-118.288791042
r9yU2EJY2CG6wKhUog9qoA,225,90,34.0224231739,-118.288791042
r9yU2EJY2CG6wKhUog9qoA,226,180,34.0224231739,-118.288791042
r9yU2EJY2CG6wKhUog9qoA,227,270,34.0224231739,-118.288791042
VAisd8hSL5u_1WJ6kUvUuA,228,0,34.0228257296,-118.28853641
VAisd8hSL5u_1WJ6kUvUuA,229,90,34.0228257296,-118.28853641
VAisd8hSL5u_1WJ6kUvUuA,230,180,34.0228257296,-118.28853641
VAisd8hSL5u_1WJ6kUvUuA,231,270,34.0228257296,-118.28853641
ufqV3ca0sLdZDdoyG_IYlA,232,0,34.0235508,-118.2880755
ufqV3ca0sLdZDdoyG_IYlA,233,90,34.0235508,-118.2880755
ufqV3ca0sLdZDdoyG_IYlA,234,180,34.0235508,-118.2880755
ufqV3ca0sLdZDdoyG_IYlA,235,270,34.0235508,-118.2880755
P2IZKHTDfBGvTHOxL6uDMg,236,0,34.0240196108,-118.287784396
P2IZKHTDfBGvTHOxL6uDMg,237,90,34.0240196108,-118.287784396
P2IZKHTDfBGvTHOxL6uDMg,238,180,34.0240196108,-118.287784396
P2IZKHTDfBGvTHOxL6uDMg,239,270,34.0240196108,-118.287784396
G8sjBR-5LcjF1qCcv4PcdA,240,0,34.0243112304,-118.287600328
G8sjBR-5LcjF1qCcv4PcdA,241,90,34.0243112304,-118.287600328
G8sjBR-5LcjF1qCcv4PcdA,242,180,34.0243112304,-118.287600328
G8sjBR-5LcjF1qCcv4PcdA,243,270,34.0243112304,-118.287600328
eHT7XARO4AgzjQmhqb_Zwg,244,0,34.0241147269,-118.287207429
eHT7XARO4AgzjQmhqb_Zwg,245,90,34.0241147269,-118.287207429
eHT7XARO4AgzjQmhqb_Zwg,246,180,34.0241147269,-118.287207429
eHT7XARO4AgzjQmhqb_Zwg,247,270,34.0241147269,-118.287207429
smWJjkbtlPFgoF_bPAek8Q,248,0,34.0240916032,-118.287155316
smWJjkbtlPFgoF_bPAek8Q,249,90,34.0240916032,-118.287155316
smWJjkbtlPFgoF_bPAek8Q,250,180,34.0240916032,-118.287155316
smWJjkbtlPFgoF_bPAek8Q,251,270,34.0240916032,-118.287155316
1-86QYr9qOF4mLtqDsjX0g,252,0,34.0238545494,-118.286619195
1-86QYr9qOF4mLtqDsjX0g,253,90,34.0238545494,-118.286619195
1-86QYr9qOF4mLtqDsjX0g,254,180,34.0238545494,-118.286619195
1-86QYr9qOF4mLtqDsjX0g,255,270,34.0238545494,-118.286619195
Y6QSPXZC3xH1DxrlWmAy8Q,256,0,34.0237008,-118.2862669
Y6QSPXZC3xH1DxrlWmAy8Q,257,90,34.0237008,-118.2862669
Y6QSPXZC3xH1DxrlWmAy8Q,258,180,34.0237008,-118.2862669
Y6QSPXZC3xH1DxrlWmAy8Q,259,270,34.0237008,-118.2862669
CcyNE5tJMubFlhfoA7Of9A,260,0,34.0234807469,-118.285760042
CcyNE5tJMubFlhfoA7Of9A,261,90,34.0234807469,-118.285760042
CcyNE5tJMubFlhfoA7Of9A,262,180,34.0234807469,-118.285760042
CcyNE5tJMubFlhfoA7Of9A,263,270,34.0234807469,-118.285760042
9TdD-jBqruuevLBAXnf-VA,264,0,34.0232472924,-118.285238956
9TdD-jBqruuevLBAXnf-VA,265,90,34.0232472924,-118.285238956
9TdD-jBqruuevLBAXnf-VA,266,180,34.0232472924,-118.285238956
9TdD-jBqruuevLBAXnf-VA,267,270,34.0232472924,-118.285238956
mJLM7391URA-9QA3cGHk8g,268,0,34.0231495641,-118.285019002
mJLM7391URA-9QA3cGHk8g,269,90,34.0231495641,-118.285019002
mJLM7391URA-9QA3cGHk8g,270,180,34.0231495641,-118.285019002
mJLM7391URA-9QA3cGHk8g,271,270,34.0231495641,-118.285019002
y1_TQEDJSY5YYk8PuXoAUw,272,0,34.0229881,-118.2846556
y1_TQEDJSY5YYk8PuXoAUw,273,90,34.0229881,-118.2846556
y1_TQEDJSY5YYk8PuXoAUw,274,180,34.0229881,-118.2846556
y1_TQEDJSY5YYk8PuXoAUw,275,270,34.0229881,-118.2846556
DOPGI30L0_g_krFbO0P16A,276,0,34.0229688,-118.284608
DOPGI30L0_g_krFbO0P16A,277,90,34.0229688,-118.284608
DOPGI30L0_g_krFbO0P16A,278,180,34.0229688,-118.284608
DOPGI30L0_g_krFbO0P16A,279,270,34.0229688,-118.284608
NvlepQMJwZRWEcj9Pxz2eg,280,0,34.0228908038,-118.284433078
NvlepQMJwZRWEcj9Pxz2eg,281,90,34.0228908038,-118.284433078
NvlepQMJwZRWEcj9Pxz2eg,282,180,34.0228908038,-118.284433078
NvlepQMJwZRWEcj9Pxz2eg,283,270,34.0228908038,-118.284433078
1wEzYPnIyiAoiFfFraIIZw,284,0,34.0226476,-118.2838743
1wEzYPnIyiAoiFfFraIIZw,285,90,34.0226476,-118.2838743
1wEzYPnIyiAoiFfFraIIZw,286,180,34.0226476,-118.2838743
1wEzYPnIyiAoiFfFraIIZw,287,270,34.0226476,-118.2838743
jaMJwSliRZRgQLsZPewvEA,288,0,34.0225984,-118.2837683
jaMJwSliRZRgQLsZPewvEA,289,90,34.0225984,-118.2837683
jaMJwSliRZRgQLsZPewvEA,290,180,34.0225984,-118.2837683
jaMJwSliRZRgQLsZPewvEA,291,270,34.0225984,-118.2837683
bqqpATHPVb_0U59GRDKRZQ,292,0,34.0225404,-118.2836382
bqqpATHPVb_0U59GRDKRZQ,293,90,34.0225404,-118.2836382
bqqpATHPVb_0U59GRDKRZQ,294,180,34.0225404,-118.2836382
bqqpATHPVb_0U59GRDKRZQ,295,270,34.0225404,-118.2836382
rI4guNpG6kLtnKt_iydhtQ,296,0,34.0224414149,-118.28341161
rI4guNpG6kLtnKt_iydhtQ,297,90,34.0224414149,-118.28341161
rI4guNpG6kLtnKt_iydhtQ,298,180,34.0224414149,-118.28341161
rI4guNpG6kLtnKt_iydhtQ,299,270,34.0224414149,-118.28341161
CAoSLEFGMVFpcE9SRHQ5aTFQb0ZTbUtTaXhfU1AydmJrY2JqT0RnOVpOTFR1cWFM,300,0,34.02235,-118.2832329
CAoSLEFGMVFpcE9SRHQ5aTFQb0ZTbUtTaXhfU1AydmJrY2JqT0RnOVpOTFR1cWFM,301,90,34.02235,-118.2832329
CAoSLEFGMVFpcE9SRHQ5aTFQb0ZTbUtTaXhfU1AydmJrY2JqT0RnOVpOTFR1cWFM,302,180,34.02235,-118.2832329
CAoSLEFGMVFpcE9SRHQ5aTFQb0ZTbUtTaXhfU1AydmJrY2JqT0RnOVpOTFR1cWFM,303,270,34.02235,-118.2832329
ZqE0b741uc0ux-US2mounQ,304,0,34.0222995,-118.2830952
ZqE0b741uc0ux-US2mounQ,305,90,34.0222995,-118.2830952
ZqE0b741uc0ux-US2mounQ,306,180,34.0222995,-118.2830952
ZqE0b741uc0ux-US2mounQ,307,270,34.0222995,-118.2830952
177fUZLBNFvVK0lOLde0lQ,308,0,34.0222280322,-118.282930234
177fUZLBNFvVK0lOLde0lQ,309,90,34.0222280322,-118.282930234
177fUZLBNFvVK0lOLde0lQ,310,180,34.0222280322,-118.282930234
177fUZLBNFvVK0lOLde0lQ,311,270,34.0222280322,-118.282930234
k2Qhn5ZLruNrs08RPqXByA,312,0,34.022181463,-118.28282493
k2Qhn5ZLruNrs08RPqXByA,313,90,34.022181463,-118.28282493
k2Qhn5ZLruNrs08RPqXByA,314,180,34.022181463,-118.28282493
k2Qhn5ZLruNrs08RPqXByA,315,270,34.022181463,-118.28282493
PsxQEqRr4OzffI_fe1a4Ug,316,0,34.0219912,-118.2823947
PsxQEqRr4OzffI_fe1a4Ug,317,90,34.0219912,-118.2823947
PsxQEqRr4OzffI_fe1a4Ug,318,180,34.0219912,-118.2823947
PsxQEqRr4OzffI_fe1a4Ug,319,270,34.0219912,-118.2823947
POD4iPjPRJrQ1PvJ0OqFGQ,320,0,34.0219036436,-118.282195583
POD4iPjPRJrQ1PvJ0OqFGQ,321,90,34.0219036436,-118.282195583
POD4iPjPRJrQ1PvJ0OqFGQ,322,180,34.0219036436,-118.282195583
POD4iPjPRJrQ1PvJ0OqFGQ,323,270,34.0219036436,-118.282195583
ErIv-Gji0zcIhfEgo9M2BA,324,0,34.0218823,-118.2821465
ErIv-Gji0zcIhfEgo9M2BA,325,90,34.0218823,-118.2821465
ErIv-Gji0zcIhfEgo9M2BA,326,180,34.0218823,-118.2821465
ErIv-Gji0zcIhfEgo9M2BA,327,270,34.0218823,-118.2821465
yGzRtCiCu36k_D7PBPiJog,328,0,34.0217111,-118.2817648
yGzRtCiCu36k_D7PBPiJog,329,90,34.0217111,-118.2817648
yGzRtCiCu36k_D7PBPiJog,330,180,34.0217111,-118.2817648
yGzRtCiCu36k_D7PBPiJog,331,270,34.0217111,-118.2817648
zZKyYpSrczHurUPaEg0_Cg,332,0,34.0215667,-118.2814426
zZKyYpSrczHurUPaEg0_Cg,333,90,34.0215667,-118.2814426
zZKyYpSrczHurUPaEg0_Cg,334,180,34.0215667,-118.2814426
zZKyYpSrczHurUPaEg0_Cg,335,270,34.0215667,-118.2814426
GV1QbTRvR7BFzs4zBG76Ng,336,0,34.0214978189,-118.281284473
GV1QbTRvR7BFzs4zBG76Ng,337,90,34.0214978189,-118.281284473
GV1QbTRvR7BFzs4zBG76Ng,338,180,34.0214978189,-118.281284473
GV1QbTRvR7BFzs4zBG76Ng,339,270,34.0214978189,-118.281284473
krI0kuY87npDcanOL39TEg,340,0,34.0213237609,-118.280929662
krI0kuY87npDcanOL39TEg,341,90,34.0213237609,-118.280929662
krI0kuY87npDcanOL39TEg,342,180,34.0213237609,-118.280929662
krI0kuY87npDcanOL39TEg,343,270,34.0213237609,-118.280929662
iwlCgvotpftxZc_MbWO9Og,344,0,34.0212779824,-118.280836457
iwlCgvotpftxZc_MbWO9Og,345,90,34.0212779824,-118.280836457
iwlCgvotpftxZc_MbWO9Og,346,180,34.0212779824,-118.280836457
iwlCgvotpftxZc_MbWO9Og,347,270,34.0212779824,-118.280836457
krI0kuY87npDcanOL39TEg,348,0,34.0213237609,-118.280929662
krI0kuY87npDcanOL39TEg,349,90,34.0213237609,-118.280929662
krI0kuY87npDcanOL39TEg,350,180,34.0213237609,-118.280929662
krI0kuY87npDcanOL39TEg,351,270,34.0213237609,-118.280929662
GV1QbTRvR7BFzs4zBG76Ng,352,0,34.0214978189,-118.281284473
GV1QbTRvR7BFzs4zBG76Ng,353,90,34.0214978189,-118.281284473
GV1QbTRvR7BFzs4zBG76Ng,354,180,34.0214978189,-118.281284473
GV1QbTRvR7BFzs4zBG76Ng,355,270,34.0214978189,-118.281284473
zZKyYpSrczHurUPaEg0_Cg,356,0,34.0215667,-118.2814426
zZKyYpSrczHurUPaEg0_Cg,357,90,34.0215667,-118.2814426
zZKyYpSrczHurUPaEg0_Cg,358,180,34.0215667,-118.2814426
zZKyYpSrczHurUPaEg0_Cg,359,270,34.0215667,-118.2814426
yGzRtCiCu36k_D7PBPiJog,360,0,34.0217111,-118.2817648
yGzRtCiCu36k_D7PBPiJog,361,90,34.0217111,-118.2817648
yGzRtCiCu36k_D7PBPiJog,362,180,34.0217111,-118.2817648
yGzRtCiCu36k_D7PBPiJog,363,270,34.0217111,-118.2817648
ErIv-Gji0zcIhfEgo9M2BA,364,0,34.0218823,-118.2821465
ErIv-Gji0zcIhfEgo9M2BA,365,90,34.0218823,-118.2821465
ErIv-Gji0zcIhfEgo9M2BA,366,180,34.0218823,-118.2821465
ErIv-Gji0zcIhfEgo9M2BA,367,270,34.0218823,-118.2821465
POD4iPjPRJrQ1PvJ0OqFGQ,368,0,34.0219036436,-118.282195583
POD4iPjPRJrQ1PvJ0OqFGQ,369,90,34.0219036436,-118.282195583
POD4iPjPRJrQ1PvJ0OqFGQ,370,180,34.0219036436,-118.282195583
POD4iPjPRJrQ1PvJ0OqFGQ,371,270,34.0219036436,-118.282195583
PsxQEqRr4OzffI_fe1a4Ug,372,0,34.0219912,-118.2823947
PsxQEqRr4OzffI_fe1a4Ug,373,90,34.0219912,-118.2823947
PsxQEqRr4OzffI_fe1a4Ug,374,180,34.0219912,-118.2823947
PsxQEqRr4OzffI_fe1a4Ug,375,270,34.0219912,-118.2823947
177fUZLBNFvVK0lOLde0lQ,376,0,34.0222280322,-118.282930234
177fUZLBNFvVK0lOLde0lQ,377,90,34.0222280322,-118.282930234
177fUZLBNFvVK0lOLde0lQ,378,180,34.0222280322,-118.282930234
177fUZLBNFvVK0lOLde0lQ,379,270,34.0222280322,-118.282930234
ZqE0b741uc0ux-US2mounQ,380,0,34.0222995,-118.2830952
ZqE0b741uc0ux-US2mounQ,381,90,34.0222995,-118.2830952
ZqE0b741uc0ux-US2mounQ,382,180,34.0222995,-118.2830952
ZqE0b741uc0ux-US2mounQ,383,270,34.0222995,-118.2830952
CAoSLEFGMVFpcE9SRHQ5aTFQb0ZTbUtTaXhfU1AydmJrY2JqT0RnOVpOTFR1cWFM,384,0,34.02235,-118.2832329
CAoSLEFGMVFpcE9SRHQ5aTFQb0ZTbUtTaXhfU1AydmJrY2JqT0RnOVpOTFR1cWFM,385,90,34.02235,-118.2832329
CAoSLEFGMVFpcE9SRHQ5aTFQb0ZTbUtTaXhfU1AydmJrY2JqT0RnOVpOTFR1cWFM,386,180,34.02235,-118.2832329
CAoSLEFGMVFpcE9SRHQ5aTFQb0ZTbUtTaXhfU1AydmJrY2JqT0RnOVpOTFR1cWFM,387,270,34.02235,-118.2832329
rI4guNpG6kLtnKt_iydhtQ,388,0,34.0224414149,-118.28341161
rI4guNpG6kLtnKt_iydhtQ,389,90,34.0224414149,-118.28341161
rI4guNpG6kLtnKt_iydhtQ,390,180,34.0224414149,-118.28341161
rI4guNpG6kLtnKt_iydhtQ,391,270,34.0224414149,-118.28341161
bqqpATHPVb_0U59GRDKRZQ,392,0,34.0225404,-118.2836382
bqqpATHPVb_0U59GRDKRZQ,393,90,34.0225404,-118.2836382
bqqpATHPVb_0U59GRDKRZQ,394,180,34.0225404,-118.2836382
bqqpATHPVb_0U59GRDKRZQ,395,270,34.0225404,-118.2836382
jaMJwSliRZRgQLsZPewvEA,396,0,34.0225984,-118.2837683
jaMJwSliRZRgQLsZPewvEA,397,90,34.0225984,-118.2837683
jaMJwSliRZRgQLsZPewvEA,398,180,34.0225984,-118.2837683
jaMJwSliRZRgQLsZPewvEA,399,270,34.0225984,-118.2837683
1wEzYPnIyiAoiFfFraIIZw,400,0,34.0226476,-118.2838743
1wEzYPnIyiAoiFfFraIIZw,401,90,34.0226476,-118.2838743
1wEzYPnIyiAoiFfFraIIZw,402,180,34.0226476,-118.2838743
1wEzYPnIyiAoiFfFraIIZw,403,270,34.0226476,-118.2838743
NvlepQMJwZRWEcj9Pxz2eg,404,0,34.0228908038,-118.284433078
NvlepQMJwZRWEcj9Pxz2eg,405,90,34.0228908038,-118.284433078
NvlepQMJwZRWEcj9Pxz2eg,406,180,34.0228908038,-118.284433078
NvlepQMJwZRWEcj9Pxz2eg,407,270,34.0228908038,-118.284433078
DOPGI30L0_g_krFbO0P16A,408,0,34.0229688,-118.284608
DOPGI30L0_g_krFbO0P16A,409,90,34.0229688,-118.284608
DOPGI30L0_g_krFbO0P16A,410,180,34.0229688,-118.284608
DOPGI30L0_g_krFbO0P16A,411,270,34.0229688,-118.284608
y1_TQEDJSY5YYk8PuXoAUw,412,0,34.0229881,-118.2846556
y1_TQEDJSY5YYk8PuXoAUw,413,90,34.0229881,-118.2846556
y1_TQEDJSY5YYk8PuXoAUw,414,180,34.0229881,-118.2846556
y1_TQEDJSY5YYk8PuXoAUw,415,270,34.0229881,-118.2846556
9TdD-jBqruuevLBAXnf-VA,416,0,34.0232472924,-118.285238956
9TdD-jBqruuevLBAXnf-VA,417,90,34.0232472924,-118.285238956
9TdD-jBqruuevLBAXnf-VA,418,180,34.0232472924,-118.285238956
9TdD-jBqruuevLBAXnf-VA,419,270,34.0232472924,-118.285238956
CcyNE5tJMubFlhfoA7Of9A,420,0,34.0234807469,-118.285760042
CcyNE5tJMubFlhfoA7Of9A,421,90,34.0234807469,-118.285760042
CcyNE5tJMubFlhfoA7Of9A,422,180,34.0234807469,-118.285760042
CcyNE5tJMubFlhfoA7Of9A,423,270,34.0234807469,-118.285760042
Y6QSPXZC3xH1DxrlWmAy8Q,424,0,34.0237008,-118.2862669
Y6QSPXZC3xH1DxrlWmAy8Q,425,90,34.0237008,-118.2862669
Y6QSPXZC3xH1DxrlWmAy8Q,426,180,34.0237008,-118.2862669
Y6QSPXZC3xH1DxrlWmAy8Q,427,270,34.0237008,-118.2862669
1-86QYr9qOF4mLtqDsjX0g,428,0,34.0238545494,-118.286619195
1-86QYr9qOF4mLtqDsjX0g,429,90,34.0238545494,-118.286619195
1-86QYr9qOF4mLtqDsjX0g,430,180,34.0238545494,-118.286619195
1-86QYr9qOF4mLtqDsjX0g,431,270,34.0238545494,-118.286619195
smWJjkbtlPFgoF_bPAek8Q,432,0,34.0240916032,-118.287155316
smWJjkbtlPFgoF_bPAek8Q,433,90,34.0240916032,-118.287155316
smWJjkbtlPFgoF_bPAek8Q,434,180,34.0240916032,-118.287155316
smWJjkbtlPFgoF_bPAek8Q,435,270,34.0240916032,-118.287155316
eHT7XARO4AgzjQmhqb_Zwg,436,0,34.0241147269,-118.287207429
eHT7XARO4AgzjQmhqb_Zwg,437,90,34.0241147269,-118.287207429
eHT7XARO4AgzjQmhqb_Zwg,438,180,34.0241147269,-118.287207429
eHT7XARO4AgzjQmhqb_Zwg,439,270,34.0241147269,-118.287207429
G8sjBR-5LcjF1qCcv4PcdA,440,0,34.0243112304,-118.287600328
G8sjBR-5LcjF1qCcv4PcdA,441,90,34.0243112304,-118.287600328
G8sjBR-5LcjF1qCcv4PcdA,442,180,34.0243112304,-118.287600328
G8sjBR-5LcjF1qCcv4PcdA,443,270,34.0243112304,-118.287600328
pfcOECP9OlkAgoTao27law,444,0,34.0246824839,-118.28733079
pfcOECP9OlkAgoTao27law,445,90,34.0246824839,-118.28733079
pfcOECP9OlkAgoTao27law,446,180,34.0246824839,-118.28733079
pfcOECP9OlkAgoTao27law,447,270,34.0246824839,-118.28733079
tjOTTrilbeBBf1QderrQ-A,448,0,34.0250157714,-118.287130097
tjOTTrilbeBBf1QderrQ-A,449,90,34.0250157714,-118.287130097
tjOTTrilbeBBf1QderrQ-A,450,180,34.0250157714,-118.287130097
tjOTTrilbeBBf1QderrQ-A,451,270,34.0250157714,-118.287130097
Qzf8YHMoz7-ZbGfq-dVcpw,452,0,34.025071305,-118.287138992
Qzf8YHMoz7-ZbGfq-dVcpw,453,90,34.025071305,-118.287138992
Qzf8YHMoz7-ZbGfq-dVcpw,454,180,34.025071305,-118.287138992
Qzf8YHMoz7-ZbGfq-dVcpw,455,270,34.025071305,-118.287138992
o6qpVfDJS1i2-kcpVuXt4g,456,0,34.018507582,-118.283442231
o6qpVfDJS1i2-kcpVuXt4g,457,90,34.018507582,-118.283442231
o6qpVfDJS1i2-kcpVuXt4g,458,180,34.018507582,-118.283442231
o6qpVfDJS1i2-kcpVuXt4g,459,270,34.018507582,-118.283442231
BOQkXiOD9vt9sFfctkIKSw,460,0,34.0186414,-118.2834008
BOQkXiOD9vt9sFfctkIKSw,461,90,34.0186414,-118.2834008
BOQkXiOD9vt9sFfctkIKSw,462,180,34.0186414,-118.2834008
BOQkXiOD9vt9sFfctkIKSw,463,270,34.0186414,-118.2834008
iNnJSKYww0lNeJCtLpsoww,464,0,34.0189437687,-118.283208675
iNnJSKYww0lNeJCtLpsoww,465,90,34.0189437687,-118.283208675
iNnJSKYww0lNeJCtLpsoww,466,180,34.0189437687,-118.283208675
iNnJSKYww0lNeJCtLpsoww,467,270,34.0189437687,-118.283208675
CAoSLEFGMVFpcFBqUlQyU2IwTk1TX3BONnJqZWM1bV9xdENYSnhaUEtDNmN0aEJq,468,0,34.0193002,-118.2829854
CAoSLEFGMVFpcFBqUlQyU2IwTk1TX3BONnJqZWM1bV9xdENYSnhaUEtDNmN0aEJq,469,90,34.0193002,-118.2829854
CAoSLEFGMVFpcFBqUlQyU2IwTk1TX3BONnJqZWM1bV9xdENYSnhaUEtDNmN0aEJq,470,180,34.0193002,-118.2829854
CAoSLEFGMVFpcFBqUlQyU2IwTk1TX3BONnJqZWM1bV9xdENYSnhaUEtDNmN0aEJq,471,270,34.0193002,-118.2829854
i_wSWoTj5Uy1KvgnYCD5mA,472,0,34.0193759,-118.2831282
i_wSWoTj5Uy1KvgnYCD5mA,473,90,34.0193759,-118.2831282
i_wSWoTj5Uy1KvgnYCD5mA,474,180,34.0193759,-118.2831282
i_wSWoTj5Uy1KvgnYCD5mA,475,270,34.0193759,-118.2831282
h9EvMHw3GgMEClQL122lhw,476,0,34.019533,-118.2834867
h9EvMHw3GgMEClQL122lhw,477,90,34.019533,-118.2834867
h9EvMHw3GgMEClQL122lhw,478,180,34.019533,-118.2834867
h9EvMHw3GgMEClQL122lhw,479,270,34.019533,-118.2834867
4TKn2nDY5OMwVuMEfkV1Kw,480,0,34.0196384237,-118.28372935
4TKn2nDY5OMwVuMEfkV1Kw,481,90,34.0196384237,-118.28372935
4TKn2nDY5OMwVuMEfkV1Kw,482,180,34.0196384237,-118.28372935
4TKn2nDY5OMwVuMEfkV1Kw,483,270,34.0196384237,-118.28372935
CAoSLEFGMVFpcFBMeGZiR1Uyam9rbGowV24xUmc1Y0dkR25vVUw3dnNtY2JiSzgt,484,0,34.0192895,-118.2836099
CAoSLEFGMVFpcFBMeGZiR1Uyam9rbGowV24xUmc1Y0dkR25vVUw3dnNtY2JiSzgt,485,90,34.0192895,-118.2836099
CAoSLEFGMVFpcFBMeGZiR1Uyam9rbGowV24xUmc1Y0dkR25vVUw3dnNtY2JiSzgt,486,180,34.0192895,-118.2836099
CAoSLEFGMVFpcFBMeGZiR1Uyam9rbGowV24xUmc1Y0dkR25vVUw3dnNtY2JiSzgt,487,270,34.0192895,-118.2836099
4TKn2nDY5OMwVuMEfkV1Kw,488,0,34.0196384237,-118.28372935
4TKn2nDY5OMwVuMEfkV1Kw,489,90,34.0196384237,-118.28372935
4TKn2nDY5OMwVuMEfkV1Kw,490,180,34.0196384237,-118.28372935
4TKn2nDY5OMwVuMEfkV1Kw,491,270,34.0196384237,-118.28372935
